mois,ratio_croissance,ma7_croissance,ecart_croissance_pct,ratio_inflation,ma7_inflation,ecart_inflation_pct,quadrant_id,quadrant
2015-03,1.0047,0.4213,138.45,1.2044,1.8072,-33.36,boom_deflationniste,Croissance déflationniste
2015-04,0.9076,0.4282,111.97,1.245,1.8026,-30.93,boom_deflationniste,Croissance déflationniste
2015-05,0.8338,0.4345,91.89,1.2823,1.7976,-28.66,boom_deflationniste,Croissance déflationniste
2015-06,0.8049,0.441,82.51,1.3157,1.7927,-26.61,boom_deflationniste,Croissance déflationniste
2015-07,0.9537,0.4494,112.24,1.1758,1.7863,-34.18,boom_deflationniste,Croissance déflationniste
2015-08,1.0553,0.4585,130.14,1.2279,1.783,-31.13,boom_deflationniste,Croissance déflationniste
2015-09,0.9605,0.4667,105.83,1.1825,1.7786,-33.51,boom_deflationniste,Croissance déflationniste
2015-10,1.0175,0.4751,114.18,1.2145,1.7773,-31.67,boom_deflationniste,Croissance déflationniste
2015-11,1.1023,0.4837,127.87,1.1424,1.7754,-35.65,boom_deflationniste,Croissance déflationniste
2015-12,1.2312,0.4917,150.39,1.1407,1.7743,-35.71,boom_deflationniste,Croissance déflationniste
2016-01,1.3687,0.5022,172.53,1.1389,1.77,-35.65,boom_deflationniste,Croissance déflationniste
2016-02,1.4123,0.5134,175.06,1.2256,1.7662,-30.61,boom_deflationniste,Croissance déflationniste
2016-03,1.2247,0.523,134.14,1.2164,1.7635,-31.02,boom_deflationniste,Croissance déflationniste
2016-04,1.1436,0.5312,115.27,1.288,1.7609,-26.86,boom_deflationniste,Croissance déflationniste
2016-05,1.001,0.5381,86.02,1.1992,1.7547,-31.66,boom_deflationniste,Croissance déflationniste
2016-06,0.9585,0.5453,75.76,1.2221,1.75,-30.17,boom_deflationniste,Croissance déflationniste
2016-07,1.0862,0.5532,96.32,1.2207,1.7449,-30.04,boom_deflationniste,Croissance déflationniste
2016-08,1.0882,0.5616,93.78,1.193,1.7399,-31.43,boom_deflationniste,Croissance déflationniste
2016-09,1.0872,0.5695,90.9,1.2196,1.7346,-29.69,boom_deflationniste,Croissance déflationniste
2016-10,0.9679,0.5766,67.86,1.2379,1.7282,-28.37,boom_deflationniste,Croissance déflationniste
2016-11,1.0661,0.5847,82.33,1.236,1.7194,-28.11,boom_deflationniste,Croissance déflationniste
2016-12,0.9551,0.5912,61.54,1.218,1.7106,-28.8,boom_deflationniste,Croissance déflationniste
2017-01,0.9729,0.5984,62.58,1.2736,1.7033,-25.23,boom_deflationniste,Croissance déflationniste
2017-02,0.9793,0.6055,61.73,1.2936,1.6955,-23.7,boom_deflationniste,Croissance déflationniste
2017-03,1.0758,0.6137,75.28,1.2965,1.6873,-23.16,boom_deflationniste,Croissance déflationniste
2017-04,1.0561,0.6219,69.81,1.2985,1.6785,-22.64,boom_deflationniste,Croissance déflationniste
2017-05,1.1368,0.6309,80.2,1.2729,1.6699,-23.78,boom_deflationniste,Croissance déflationniste
2017-06,1.2296,0.6412,91.76,1.2357,1.6617,-25.64,boom_deflationniste,Croissance déflationniste
2017-07,1.2239,0.6511,87.96,1.2726,1.6548,-23.1,boom_deflationniste,Croissance déflationniste
2017-08,1.1928,0.6609,80.47,1.2824,1.6487,-22.22,boom_deflationniste,Croissance déflationniste
2017-09,1.1718,0.6699,74.92,1.2686,1.6407,-22.68,boom_deflationniste,Croissance déflationniste
2017-10,1.1561,0.6789,70.28,1.2596,1.6307,-22.76,boom_deflationniste,Croissance déflationniste
2017-11,1.0741,0.6872,56.29,1.2548,1.6196,-22.53,boom_deflationniste,Croissance déflationniste
2017-12,1.0664,0.6954,53.36,1.2584,1.6069,-21.69,boom_deflationniste,Croissance déflationniste
2018-01,1.0242,0.7029,45.7,1.3428,1.5962,-15.87,boom_deflationniste,Croissance déflationniste
2018-02,1.0015,0.7101,41.04,1.3562,1.5845,-14.41,boom_deflationniste,Croissance déflationniste
2018-03,0.9786,0.7176,36.37,1.3268,1.572,-15.6,boom_deflationniste,Croissance déflationniste
2018-04,0.9304,0.7246,28.39,1.3422,1.5579,-13.85,boom_deflationniste,Croissance déflationniste
2018-05,0.8849,0.7309,21.08,1.3001,1.5448,-15.84,boom_deflationniste,Croissance déflationniste
2018-06,0.9072,0.7373,23.04,1.245,1.531,-18.68,boom_deflationniste,Croissance déflationniste
2018-07,0.894,0.7436,20.22,1.2349,1.5161,-18.55,boom_deflationniste,Croissance déflationniste
2018-08,0.9388,0.7504,25.12,1.1928,1.4999,-20.48,boom_deflationniste,Croissance déflationniste
2018-09,0.9154,0.7572,20.89,1.2198,1.4906,-18.17,boom_deflationniste,Croissance déflationniste
2018-10,0.8411,0.7628,10.27,1.2833,1.4796,-13.27,boom_deflationniste,Croissance déflationniste
2018-11,1.0613,0.7715,37.56,1.265,1.4685,-13.86,boom_deflationniste,Croissance déflationniste
2018-12,1.132,0.7812,44.91,1.2542,1.4608,-14.15,boom_deflationniste,Croissance déflationniste
2019-01,1.1787,0.7913,48.97,1.2855,1.4508,-11.4,boom_deflationniste,Croissance déflationniste
2019-02,1.1293,0.8006,41.06,1.2955,1.4411,-10.1,boom_deflationniste,Croissance déflationniste
2019-03,1.084,0.8096,33.9,1.2075,1.4295,-15.53,boom_deflationniste,Croissance déflationniste
2019-04,1.0209,0.8177,24.85,1.2238,1.4194,-13.78,boom_deflationniste,Croissance déflationniste
2019-05,1.0067,0.8257,21.92,1.1656,1.412,-17.45,boom_deflationniste,Croissance déflationniste
2019-06,1.193,0.8351,42.86,1.2471,1.4048,-11.23,boom_deflationniste,Croissance déflationniste
2019-07,1.1378,0.8441,34.8,1.2439,1.3981,-11.03,boom_deflationniste,Croissance déflationniste
2019-08,1.1643,0.8536,36.4,1.2089,1.3897,-13.01,boom_deflationniste,Croissance déflationniste
2019-09,1.1457,0.8627,32.79,1.2,1.3795,-13.01,boom_deflationniste,Croissance déflationniste
2019-10,1.2423,0.8728,42.32,1.2446,1.3704,-9.18,boom_deflationniste,Croissance déflationniste
2019-11,1.2029,0.8822,36.34,1.2096,1.3613,-11.14,boom_deflationniste,Croissance déflationniste
2019-12,1.1849,0.8913,32.94,1.2952,1.3532,-4.29,boom_deflationniste,Croissance déflationniste
2020-01,1.2158,0.901,34.94,1.2568,1.3441,-6.49,boom_deflationniste,Croissance déflationniste
2020-02,1.2801,0.9115,40.44,1.1712,1.3354,-12.29,boom_deflationniste,Croissance déflationniste
2020-03,1.9178,0.9293,106.37,1.0985,1.3255,-17.12,boom_deflationniste,Croissance déflationniste
2020-04,3.7176,0.9684,283.89,1.1641,1.3191,-11.75,boom_deflationniste,Croissance déflationniste
2020-05,2.264,0.9903,128.61,1.2157,1.3132,-7.42,boom_deflationniste,Croissance déflationniste
2020-06,1.7373,1.0062,72.66,1.2448,1.3093,-4.93,boom_deflationniste,Croissance déflationniste
2020-07,1.7225,1.0221,68.53,1.3205,1.3044,1.24,boom_inflationniste,Croissance inflationniste
2020-08,1.756,1.0386,69.08,1.3862,1.299,6.72,boom_inflationniste,Croissance inflationniste
2020-09,1.8207,1.0555,72.49,1.3182,1.2939,1.88,boom_inflationniste,Croissance inflationniste
2020-10,1.7906,1.0717,67.08,1.3573,1.2896,5.25,boom_inflationniste,Croissance inflationniste
2020-11,1.9259,1.089,76.84,1.2629,1.2848,-1.71,boom_deflationniste,Croissance déflationniste
2020-12,1.7555,1.1044,58.95,1.3682,1.2817,6.75,boom_inflationniste,Croissance inflationniste
2021-01,1.5825,1.1179,41.56,1.374,1.2791,7.42,boom_inflationniste,Croissance inflationniste
2021-02,1.4257,1.1295,26.22,1.3664,1.2754,7.13,boom_inflationniste,Croissance inflationniste
2021-03,1.3889,1.1406,21.77,1.4255,1.2732,11.97,boom_inflationniste,Croissance inflationniste
2021-04,1.4622,1.1527,26.86,1.4404,1.2714,13.29,boom_inflationniste,Croissance inflationniste
2021-05,1.4052,1.1639,20.73,1.551,1.2721,21.93,boom_inflationniste,Croissance inflationniste
2021-06,1.2991,1.174,10.65,1.3792,1.2695,8.64,boom_inflationniste,Croissance inflationniste
2021-07,1.2908,1.184,9.03,1.3634,1.2676,7.56,boom_inflationniste,Croissance inflationniste
2021-08,1.4116,1.1948,18.14,1.367,1.2664,7.95,boom_inflationniste,Croissance inflationniste
2021-09,1.278,1.204,6.14,1.3626,1.2659,7.63,boom_inflationniste,Croissance inflationniste
2021-10,1.1844,1.2115,-2.24,1.3495,1.2663,6.57,recession_inflationniste,Récession inflationniste
2021-11,1.1911,1.2181,-2.22,1.304,1.2666,2.96,recession_inflationniste,Récession inflationniste
2021-12,1.366,1.225,11.51,1.3747,1.268,8.42,boom_inflationniste,Croissance inflationniste
2022-01,1.1235,1.2267,-8.41,1.4067,1.27,10.77,recession_inflationniste,Récession inflationniste
2022-02,0.9891,1.227,-19.39,1.5176,1.2732,19.19,recession_inflationniste,Récession inflationniste
2022-03,0.8516,1.2252,-30.49,1.6254,1.2782,27.16,recession_inflationniste,Récession inflationniste
2022-04,0.8346,1.2243,-31.83,1.7574,1.2843,36.84,recession_inflationniste,Récession inflationniste
2022-05,0.7788,1.2237,-36.35,1.7392,1.2898,34.85,recession_inflationniste,Récession inflationniste
2022-06,0.6829,1.2222,-44.13,1.7341,1.2948,33.93,recession_inflationniste,Récession inflationniste
2022-07,0.8263,1.2207,-32.31,1.6492,1.3004,26.82,recession_inflationniste,Récession inflationniste
2022-08,0.8573,1.2183,-29.63,1.677,1.3057,28.44,recession_inflationniste,Récession inflationniste
2022-09,0.8635,1.2172,-29.06,1.7747,1.3128,35.18,recession_inflationniste,Récession inflationniste
2022-10,0.8838,1.2156,-27.3,1.8536,1.3204,40.39,recession_inflationniste,Récession inflationniste
2022-11,0.9935,1.2143,-18.18,1.8769,1.3291,41.21,recession_inflationniste,Récession inflationniste
2022-12,1.046,1.2121,-13.7,1.984,1.3392,48.15,recession_inflationniste,Récession inflationniste
2023-01,1.1003,1.2089,-8.98,1.9493,1.3488,44.52,recession_inflationniste,Récession inflationniste
2023-02,1.0816,1.205,-10.23,1.9388,1.3573,42.84,recession_inflationniste,Récession inflationniste
2023-03,1.1718,1.2043,-2.7,1.9956,1.3666,46.03,recession_inflationniste,Récession inflationniste
2023-04,1.0978,1.2038,-8.81,2.0061,1.3751,45.88,recession_inflationniste,Récession inflationniste
2023-05,1.2057,1.2062,-0.04,2.0405,1.3852,47.31,recession_inflationniste,Récession inflationniste
2023-06,1.2997,1.2103,7.39,1.9909,1.3943,42.79,boom_inflationniste,Croissance inflationniste
2023-07,1.2434,1.2121,2.58,2.0896,1.4047,48.76,boom_inflationniste,Croissance inflationniste
2023-08,1.1283,1.2126,-6.95,2.1297,1.4158,50.42,recession_inflationniste,Récession inflationniste
2023-09,0.9829,1.2114,-18.86,2.2034,1.4275,54.35,recession_inflationniste,Récession inflationniste
2023-10,1.0003,1.2118,-17.45,2.5025,1.4426,73.47,recession_inflationniste,Récession inflationniste
2023-11,1.2007,1.2134,-1.05,2.3343,1.4556,60.36,recession_inflationniste,Récession inflationniste
2023-12,1.36,1.2182,11.64,2.1756,1.4671,48.3,boom_inflationniste,Croissance inflationniste
2024-01,1.3224,1.2224,8.18,2.1939,1.478,48.44,boom_inflationniste,Croissance inflationniste
2024-02,1.3265,1.2265,8.16,2.2549,1.4895,51.39,boom_inflationniste,Croissance inflationniste
2024-03,1.3019,1.2292,5.91,2.4313,1.503,61.77,boom_inflationniste,Croissance inflationniste
2024-04,1.1958,1.2308,-2.85,2.6766,1.5194,76.17,recession_inflationniste,Récession inflationniste
2024-05,1.3338,1.2332,8.16,2.6437,1.5357,72.15,boom_inflationniste,Croissance inflationniste
2024-06,1.3653,1.2348,10.57,2.5932,1.5518,67.1,boom_inflationniste,Croissance inflationniste
2024-07,1.3519,1.2363,9.35,2.6365,1.5681,68.14,boom_inflationniste,Croissance inflationniste
2024-08,1.4781,1.2397,19.23,2.6361,1.5842,66.4,boom_inflationniste,Croissance inflationniste
2024-09,1.6491,1.2454,32.42,2.7161,1.6014,69.6,boom_inflationniste,Croissance inflationniste
2024-10,1.5754,1.2504,25.99,2.9964,1.6221,84.72,boom_inflationniste,Croissance inflationniste
2024-11,1.6867,1.2577,34.11,2.8461,1.6411,73.43,boom_inflationniste,Croissance inflationniste
2024-12,1.638,1.2645,29.53,2.9971,1.6618,80.36,boom_inflationniste,Croissance inflationniste
2025-01,1.564,1.2709,23.06,3.1848,1.6837,89.16,boom_inflationniste,Croissance inflationniste
2025-02,1.6512,1.2787,29.13,3.0681,1.7041,80.05,boom_inflationniste,Croissance inflationniste
2025-03,1.6672,1.2869,29.55,3.3989,1.7287,96.62,boom_inflationniste,Croissance inflationniste
2025-04,1.7997,1.2972,38.74,3.6329,1.756,106.88,boom_inflationniste,Croissance inflationniste
2025-05,1.9441,1.3098,48.43,3.7512,1.7852,110.13,boom_inflationniste,Croissance inflationniste
2025-06,1.8581,1.3211,40.64,3.6686,1.814,102.23,boom_inflationniste,Croissance inflationniste
2025-07,1.8717,1.3328,40.44,3.6881,1.8432,100.09,boom_inflationniste,Croissance inflationniste
2025-08,2.0264,1.3457,50.58,3.8718,1.8751,106.48,boom_inflationniste,Croissance inflationniste
2025-09,2.1288,1.3602,56.51,4.1769,1.9103,118.65,boom_inflationniste,Croissance inflationniste
2025-10,2.2875,1.3774,66.07,4.2667,1.9458,119.27,boom_inflationniste,Croissance inflationniste
2025-11,2.3201,1.3924,66.63,4.4834,1.9842,125.96,boom_inflationniste,Croissance inflationniste
2025-12,2.4253,1.4078,72.28,4.7057,2.0253,132.35,boom_inflationniste,Croissance inflationniste
2026-01,2.408,1.4224,69.29,5.2851,2.0729,154.96,boom_inflationniste,Croissance inflationniste
2026-02,2.2701,1.436,58.09,5.4914,2.1228,158.69,boom_inflationniste,Croissance inflationniste
2026-03,1.5046,1.441,4.42,5.1002,2.1692,135.12,boom_inflationniste,Croissance inflationniste
2026-04,1.501,1.4467,3.75,5.0641,2.2149,128.64,boom_inflationniste,Croissance inflationniste
2026-05,1.5425,1.4531,6.15,4.9595,2.26,119.44,boom_inflationniste,Croissance inflationniste
2026-06,1.8508,1.4609,26.69,4.3295,2.2967,88.51,boom_inflationniste,Croissance inflationniste
2026-07,1.9442,1.4705,32.21,4.5711,2.3363,95.65,boom_inflationniste,Croissance inflationniste
2026-08,1.9151,1.4794,29.45,4.9883,2.3813,109.47,boom_inflationniste,Croissance inflationniste
2026-09,1.6315,1.4852,9.85,4.916,2.4256,102.67,boom_inflationniste,Croissance inflationniste
